{
    "Linear Regression": {
        "R2_train": 0.1065424113003327,
        "R2_val": NaN,
        "R2_test": 0.09849145014889826,
        "MAE_train": 0.5143865393646678,
        "MAE_val": 0.07448273281379247,
        "MAE_test": 0.5267947281991993,
        "MSE_train": 0.46854299261462945,
        "MSE_val": 0.005547677487410798,
        "MSE_test": 0.5311208503078345,
        "RMSE_train": 0.6845020033678714,
        "RMSE_val": 0.07448273281379247,
        "RMSE_test": 0.7287803855125593,
        "dataset": "df_ready_date"
    },
    "Ridge Regression": {
        "R2_train": 0.10653653931199047,
        "R2_val": NaN,
        "R2_test": 0.09837450870583808,
        "MAE_train": 0.5143487532431648,
        "MAE_val": 0.07318326813585951,
        "MAE_test": 0.5269111279649559,
        "MSE_train": 0.4685460719762301,
        "MSE_val": 0.005355790735045111,
        "MSE_test": 0.5311897459812972,
        "RMSE_train": 0.684504252708652,
        "RMSE_val": 0.07318326813585951,
        "RMSE_test": 0.7288276517677531,
        "dataset": "df_ready_date"
    },
    "Lasso Regression": {
        "R2_train": 0.0,
        "R2_val": NaN,
        "R2_test": -0.00028782929423654124,
        "MAE_train": 0.535021186012137,
        "MAE_val": 0.3364717666207593,
        "MAE_test": 0.564247348134945,
        "MSE_train": 0.5244154826605077,
        "MSE_val": 0.1132132497328947,
        "MSE_test": 0.5893163437385937,
        "RMSE_train": 0.7241653696915559,
        "RMSE_val": 0.3364717666207593,
        "RMSE_test": 0.7676694234751008,
        "dataset": "df_ready_date"
    },
    "Elastic Net": {
        "R2_train": 0.0,
        "R2_val": NaN,
        "R2_test": -0.00028782929423654124,
        "MAE_train": 0.535021186012137,
        "MAE_val": 0.3364717666207593,
        "MAE_test": 0.564247348134945,
        "MSE_train": 0.5244154826605077,
        "MSE_val": 0.1132132497328947,
        "MSE_test": 0.5893163437385937,
        "RMSE_train": 0.7241653696915559,
        "RMSE_val": 0.3364717666207593,
        "RMSE_test": 0.7676694234751008,
        "dataset": "df_ready_date"
    },
    "Decision Tree": {
        "R2_train": 1.0,
        "R2_val": NaN,
        "R2_test": -0.17341236175459152,
        "MAE_train": 7.005789463015886e-18,
        "MAE_val": 0.666666666666667,
        "MAE_test": 0.6238157730283715,
        "MSE_train": 6.222391014013239e-33,
        "MSE_val": 0.44444444444444486,
        "MSE_test": 0.6913121028522228,
        "RMSE_train": 7.888213368065825e-17,
        "RMSE_val": 0.666666666666667,
        "RMSE_test": 0.8314518042870692,
        "dataset": "df_ready_date"
    },
    "Random Forest": {
        "R2_train": 0.8942312076934551,
        "R2_val": NaN,
        "R2_test": 0.32609939498721463,
        "MAE_train": 0.17496178860092065,
        "MAE_val": 0.1176865079365097,
        "MAE_test": 0.4602645606799148,
        "MSE_train": 0.05546679226785572,
        "MSE_val": 0.01385011415029016,
        "MSE_test": 0.3970263647709955,
        "RMSE_train": 0.23551388975569088,
        "RMSE_val": 0.1176865079365097,
        "RMSE_test": 0.6301002815195336,
        "dataset": "df_ready_date"
    },
    "XGBoost Regressor": {
        "R2_train": 0.9996666477589093,
        "R2_val": NaN,
        "R2_test": 0.30544143793958556,
        "MAE_train": 0.009129073937820201,
        "MAE_val": 0.6196252504984541,
        "MAE_test": 0.4693893727265721,
        "MSE_train": 0.00017481507640749287,
        "MSE_val": 0.38393545105527194,
        "MSE_test": 0.40919693344122243,
        "RMSE_train": 0.013221765253077701,
        "RMSE_val": 0.6196252504984541,
        "RMSE_test": 0.6396850267445866,
        "dataset": "df_ready_date"
    },
    "Gradient Boosting": {
        "R2_train": 0.6521126339048433,
        "R2_val": NaN,
        "R2_test": 0.3830048622992135,
        "MAE_train": 0.32679180439134015,
        "MAE_val": 0.2457499897206672,
        "MAE_test": 0.42870914490173245,
        "MSE_train": 0.18243752100228433,
        "MSE_val": 0.06039305744770803,
        "MSE_test": 0.36350069250653905,
        "RMSE_train": 0.4271270548704265,
        "RMSE_val": 0.2457499897206672,
        "RMSE_test": 0.6029101861028217,
        "dataset": "df_ready_date"
    },
    "SVR": {
        "R2_train": 0.47093775196423093,
        "R2_val": NaN,
        "R2_test": 0.1474824861168912,
        "MAE_train": 0.3308147596484015,
        "MAE_val": 0.15745488795518714,
        "MAE_test": 0.5258301184978624,
        "MSE_train": 0.27744843416113113,
        "MSE_val": 0.024792041740980535,
        "MSE_test": 0.5022579397063991,
        "RMSE_train": 0.5267337412404213,
        "RMSE_val": 0.15745488795518714,
        "RMSE_test": 0.7087015872046564,
        "dataset": "df_ready_date"
    }
}