{
    "Linear Regression": {
        "R2_train": 0.12912257182022213,
        "R2_val": NaN,
        "R2_test": 0.08516444752307306,
        "MAE_train": 0.511019380276944,
        "MAE_val": 0.1299024497486343,
        "MAE_test": 0.5239944867802434,
        "MSE_train": 0.45670160683703986,
        "MSE_val": 0.01687464645069646,
        "MSE_test": 0.5389724108591484,
        "RMSE_train": 0.675797016001876,
        "RMSE_val": 0.1299024497486343,
        "RMSE_test": 0.7341474040403251,
        "dataset": "df_ready_date"
    },
    "Ridge Regression": {
        "R2_train": 0.12911446300279794,
        "R2_val": NaN,
        "R2_test": 0.08553440010009838,
        "MAE_train": 0.5109474746838495,
        "MAE_val": 0.1287312641913081,
        "MAE_test": 0.5239004017103162,
        "MSE_train": 0.4567058592264432,
        "MSE_val": 0.016571738380292363,
        "MSE_test": 0.5387544544933262,
        "RMSE_train": 0.6758001621977041,
        "RMSE_val": 0.1287312641913081,
        "RMSE_test": 0.7339989472017833,
        "dataset": "df_ready_date"
    },
    "Lasso Regression": {
        "R2_train": 0.0,
        "R2_val": NaN,
        "R2_test": -0.00028782929423654124,
        "MAE_train": 0.535021186012137,
        "MAE_val": 0.3364717666207593,
        "MAE_test": 0.564247348134945,
        "MSE_train": 0.5244154826605077,
        "MSE_val": 0.1132132497328947,
        "MSE_test": 0.5893163437385937,
        "RMSE_train": 0.7241653696915559,
        "RMSE_val": 0.3364717666207593,
        "RMSE_test": 0.7676694234751008,
        "dataset": "df_ready_date"
    },
    "Elastic Net": {
        "R2_train": 0.0,
        "R2_val": NaN,
        "R2_test": -0.00028782929423654124,
        "MAE_train": 0.535021186012137,
        "MAE_val": 0.3364717666207593,
        "MAE_test": 0.564247348134945,
        "MSE_train": 0.5244154826605077,
        "MSE_val": 0.1132132497328947,
        "MSE_test": 0.5893163437385937,
        "RMSE_train": 0.7241653696915559,
        "RMSE_val": 0.3364717666207593,
        "RMSE_test": 0.7676694234751008,
        "dataset": "df_ready_date"
    },
    "Decision Tree": {
        "R2_train": 1.0,
        "R2_val": NaN,
        "R2_test": -0.17693352635846193,
        "MAE_train": 1.0119473668800725e-17,
        "MAE_val": 0.13333333333333286,
        "MAE_test": 0.6547619047619048,
        "MSE_train": 8.987898131352457e-33,
        "MSE_val": 0.017777777777777653,
        "MSE_test": 0.6933865856053707,
        "RMSE_train": 9.480452590120609e-17,
        "RMSE_val": 0.13333333333333286,
        "RMSE_test": 0.8326983761274971,
        "dataset": "df_ready_date"
    },
    "Random Forest": {
        "R2_train": 0.8961497942331575,
        "R2_val": NaN,
        "R2_test": 0.3984256685747849,
        "MAE_train": 0.17114074955135414,
        "MAE_val": 0.03676190476190744,
        "MAE_test": 0.43005364954380676,
        "MSE_train": 0.05446065578161176,
        "MSE_val": 0.0013514376417235528,
        "MSE_test": 0.3544155742978802,
        "RMSE_train": 0.2333680693274291,
        "RMSE_val": 0.03676190476190744,
        "RMSE_test": 0.5953281232210353,
        "dataset": "df_ready_date"
    },
    "XGBoost Regressor": {
        "R2_train": 0.9999574968569174,
        "R2_val": NaN,
        "R2_test": 0.2597321846153823,
        "MAE_train": 0.0032514650770640824,
        "MAE_val": 0.26015170415242483,
        "MAE_test": 0.4809494208073768,
        "MSE_train": 2.228930629423631e-05,
        "MSE_val": 0.06767890917341078,
        "MSE_test": 0.4361263923980973,
        "RMSE_train": 0.004721155186417442,
        "RMSE_val": 0.26015170415242483,
        "RMSE_test": 0.660398661717373,
        "dataset": "df_ready_date"
    },
    "Gradient Boosting": {
        "R2_train": 0.6898246592435388,
        "R2_val": NaN,
        "R2_test": 0.31212971362762165,
        "MAE_train": 0.3103461599862198,
        "MAE_val": 0.1275820061552082,
        "MAE_test": 0.4495964312681166,
        "MSE_train": 0.16266075103218708,
        "MSE_val": 0.016277168294587585,
        "MSE_test": 0.40525655742248173,
        "RMSE_train": 0.40331222524514065,
        "RMSE_val": 0.1275820061552082,
        "RMSE_test": 0.6365976417035188,
        "dataset": "df_ready_date"
    },
    "SVR": {
        "R2_train": 0.6152817674466645,
        "R2_val": NaN,
        "R2_test": 0.1037344686892131,
        "MAE_train": 0.26752764621495223,
        "MAE_val": 0.18679115063146234,
        "MAE_test": 0.5386330057203226,
        "MSE_train": 0.20175219761275487,
        "MSE_val": 0.034890933954225656,
        "MSE_test": 0.5280319428695505,
        "RMSE_train": 0.4491683399492387,
        "RMSE_val": 0.18679115063146234,
        "RMSE_test": 0.7266580646146786,
        "dataset": "df_ready_date"
    }
}