{
    "Linear Regression": {
        "R2_train": 0.045034911542227496,
        "R2_val": NaN,
        "R2_test": 0.07286911051862544,
        "MAE_train": 0.5277408176948125,
        "MAE_val": 0.3584423054850365,
        "MAE_test": 0.5373428907205402,
        "MSE_train": 0.5007984777875172,
        "MSE_val": 0.12848088636142824,
        "MSE_test": 0.5462161689418668,
        "RMSE_train": 0.7076711650106405,
        "RMSE_val": 0.3584423054850365,
        "RMSE_test": 0.7390643875481125,
        "dataset": "df_ready_date"
    },
    "Ridge Regression": {
        "R2_train": 0.0450348770105955,
        "R2_val": NaN,
        "R2_test": 0.07284454991076139,
        "MAE_train": 0.5277389005684656,
        "MAE_val": 0.3584230668345416,
        "MAE_test": 0.5373495557174308,
        "MSE_train": 0.5007984958964398,
        "MSE_val": 0.12846709483907828,
        "MSE_test": 0.54623063874466,
        "RMSE_train": 0.7076711778053701,
        "RMSE_val": 0.3584230668345416,
        "RMSE_test": 0.7390741767540387,
        "dataset": "df_ready_date"
    },
    "Lasso Regression": {
        "R2_train": 0.0,
        "R2_val": NaN,
        "R2_test": -0.00028782929423654124,
        "MAE_train": 0.535021186012137,
        "MAE_val": 0.3364717666207593,
        "MAE_test": 0.564247348134945,
        "MSE_train": 0.5244154826605077,
        "MSE_val": 0.1132132497328947,
        "MSE_test": 0.5893163437385937,
        "RMSE_train": 0.7241653696915559,
        "RMSE_val": 0.3364717666207593,
        "RMSE_test": 0.7676694234751008,
        "dataset": "df_ready_date"
    },
    "Elastic Net": {
        "R2_train": 0.0,
        "R2_val": NaN,
        "R2_test": -0.00028782929423654124,
        "MAE_train": 0.535021186012137,
        "MAE_val": 0.3364717666207593,
        "MAE_test": 0.564247348134945,
        "MSE_train": 0.5244154826605077,
        "MSE_val": 0.1132132497328947,
        "MSE_test": 0.5893163437385937,
        "RMSE_train": 0.7241653696915559,
        "RMSE_val": 0.3364717666207593,
        "RMSE_test": 0.7676694234751008,
        "dataset": "df_ready_date"
    },
    "Decision Tree": {
        "R2_train": 0.6312279728006405,
        "R2_val": NaN,
        "R2_test": 0.10758391448813664,
        "MAE_train": 0.29093880488972507,
        "MAE_val": 0.1708333333333325,
        "MAE_test": 0.553264719313932,
        "MSE_train": 0.19338976063544605,
        "MSE_val": 0.029184027777777493,
        "MSE_test": 0.5257640543106723,
        "RMSE_train": 0.43976102673548284,
        "RMSE_val": 0.1708333333333325,
        "RMSE_test": 0.7250958931828757,
        "dataset": "df_ready_date"
    },
    "Random Forest": {
        "R2_train": 0.5719387072290837,
        "R2_val": NaN,
        "R2_test": 0.21268375307322218,
        "MAE_train": 0.34839760875237585,
        "MAE_val": 0.16507364549906978,
        "MAE_test": 0.5063007486064691,
        "MSE_train": 0.22448196945674098,
        "MSE_val": 0.02724930843835256,
        "MSE_test": 0.4638448238765889,
        "RMSE_train": 0.473795282222967,
        "RMSE_val": 0.16507364549906978,
        "RMSE_test": 0.6810615419156986,
        "dataset": "df_ready_date"
    },
    "XGBoost Regressor": {
        "R2_train": 0.3203261728099204,
        "R2_val": NaN,
        "R2_test": 0.16070448676794413,
        "MAE_train": 0.4420236423225446,
        "MAE_val": 0.18187793095906546,
        "MAE_test": 0.5166948670700868,
        "MSE_train": 0.3564314781376001,
        "MSE_val": 0.03307958176995058,
        "MSE_test": 0.4944682407293701,
        "RMSE_train": 0.5970188256140673,
        "RMSE_val": 0.18187793095906546,
        "RMSE_test": 0.7031843575687461,
        "dataset": "df_ready_date"
    },
    "Gradient Boosting": {
        "R2_train": 0.27335995430184135,
        "R2_val": NaN,
        "R2_test": 0.14924506372470958,
        "MAE_train": 0.46374935006871393,
        "MAE_val": 0.2424408136505276,
        "MAE_test": 0.5202263888419344,
        "MSE_train": 0.38106129028525326,
        "MSE_val": 0.05877754812352985,
        "MSE_test": 0.5012195228018088,
        "RMSE_train": 0.617301620186804,
        "RMSE_val": 0.2424408136505276,
        "RMSE_test": 0.7079685888525061,
        "dataset": "df_ready_date"
    },
    "SVR": {
        "R2_train": 0.04349945628975227,
        "R2_val": NaN,
        "R2_test": 0.06391843883185955,
        "MAE_train": 0.5287522943692091,
        "MAE_val": 0.303916655772948,
        "MAE_test": 0.5407754532783355,
        "MSE_train": 0.5016036942948476,
        "MSE_val": 0.09236533365621258,
        "MSE_test": 0.5514894282558095,
        "RMSE_train": 0.7082398564715542,
        "RMSE_val": 0.303916655772948,
        "RMSE_test": 0.7426233421161831,
        "dataset": "df_ready_date"
    }
}